{
  "facilities": [
    {
      "building": "1호관",
      "floor": "1층",
      "facility": "강의실"
    },
    {
      "building": "1호관",
      "floor": "1층",
      "facility": "입시지원팀"
    },
    {
      "building": "1호관",
      "floor": "1층",
      "facility": "웰컴라운지"
    },
    {
      "building": "1호관",
      "floor": "1층",
      "facility": "웰컴갤러리"
    },
    {
      "building": "1호관",
      "floor": "2층",
      "facility": "강의실"
    },
    {
      "building": "1호관",
      "floor": "2층",
      "facility": "유학생지원실"
    },
    {
      "building": "1호관",
      "floor": "2층",
      "facility": "국제교류센터"
    },
    {
      "building": "1호관",
      "floor": "2층",
      "facility": "hive센터"
    },
    {
      "building": "1호관",
      "floor": "3층",
      "facility": "강의실"
    },
    {
      "building": "1호관",
      "floor": "3층",
      "facility": "예비군연대"
    },
    {
      "building": "1호관",
      "floor": "3층",
      "facility": "교양과사무실"
    },
    {
      "building": "1호관",
      "floor": "3층",
      "facility": "전산실습실"
    },
    {
      "building": "1호관",
      "floor": "4층",
      "facility": "학생서비스센터(휴/복학,수업,장학)"
    },
    {
      "building": "1호관",
      "floor": "4층",
      "facility": "취업지원센터"
    },
    {
      "building": "1호관",
      "floor": "4층",
      "facility": "현장실습지원센터"
    },
    {
      "building": "1호관",
      "floor": "4층",
      "facility": "공학기술교육혁신센터"
    },
    {
      "building": "1호관",
      "floor": "4층",
      "facility": "KB국민ATM,증명서발급기"
    },
    {
      "building": "1호관",
      "floor": "5층",
      "facility": "사무처"
    },
    {
      "building": "1호관",
      "floor": "5층",
      "facility": "소강당"
    },
    {
      "building": "1호관",
      "floor": "6층",
      "facility": "산학협력단"
    },
    {
      "building": "1호관",
      "floor": "6층",
      "facility": "기획혁신처"
    },
    {
      "building": "1호관",
      "floor": "6층",
      "facility": "기획혁신처장실"
    },
    {
      "building": "1호관",
      "floor": "7층",
      "facility": "교무입학처"
    },
    {
      "building": "1호관",
      "floor": "7층",
      "facility": "교무입학처장실"
    },
    {
      "building": "1호관",
      "floor": "7층",
      "facility": "감사장"
    },
    {
      "building": "1호관",
      "floor": "8층",
      "facility": "총장실"
    },
    {
      "building": "1호관",
      "floor": "8층",
      "facility": "학생처장실"
    },
    {
      "building": "1호관",
      "floor": "8층",
      "facility": "사무처장실"
    },
    {
      "building": "1호관",
      "floor": "8층",
      "facility": "종합회의실"
    },
    {
      "building": "1호관",
      "floor": "8층",
      "facility": "부속실"
    },
    {
      "building": "1호관",
      "floor": "9층",
      "facility": "법인사무국"
    },
    {
      "building": "2호관",
      "floor": "B2층",
      "facility": "강의실"
    },
    {
      "building": "2호관",
      "floor": "B1층",
      "facility": "강의실"
    },
    {
      "building": "2호관",
      "floor": "1층",
      "facility": "전산실습실"
    },
    {
      "building": "2호관",
      "floor": "1층",
      "facility": "칵테일 실습실"
    },
    {
      "building": "2호관",
      "floor": "2층",
      "facility": "전산실습실"
    },
    {
      "building": "2호관",
      "floor": "2층",
      "facility": "강의실"
    },
    {
      "building": "2호관",
      "floor": "3층",
      "facility": "경영학부사무실"
    },
    {
      "building": "2호관",
      "floor": "3층",
      "facility": "스마트강의실"
    },
    {
      "building": "2호관",
      "floor": "4층",
      "facility": "교수연구실"
    },
    {
      "building": "2호관",
      "floor": "4층",
      "facility": "교수학습지원센터"
    },
    {
      "building": "2호관",
      "floor": "4층",
      "facility": "스튜디오실"
    },
    {
      "building": "2호관",
      "floor": "5층",
      "facility": "교수연구실"
    },
    {
      "building": "2호관",
      "floor": "6층",
      "facility": "교수연구실"
    },
    {
      "building": "2호관",
      "floor": "7층",
      "facility": "교수연구실"
    },
    {
      "building": "3호관",
      "floor": "1층",
      "facility": "총학생회"
    },
    {
      "building": "3호관",
      "floor": "1층",
      "facility": "대의원회"
    },
    {
      "building": "3호관",
      "floor": "1층",
      "facility": "보건실"
    },
    {
      "building": "3호관",
      "floor": "1층",
      "facility": "학생상담센터"
    },
    {
      "building": "3호관",
      "floor": "1층",
      "facility": "장애학생지원실"
    },
    {
      "building": "3호관",
      "floor": "1층",
      "facility": "여학생휴게실"
    },
    {
      "building": "3호관",
      "floor": "1층",
      "facility": "부트캠프클린룸"
    },
    {
      "building": "3호관",
      "floor": "1층",
      "facility": "P-tech 사무실"
    },
    {
      "building": "3호관",
      "floor": "1층",
      "facility": "전산실습실"
    },
    {
      "building": "3호관",
      "floor": "2층",
      "facility": "컴퓨터공학부사무실"
    },
    {
      "building": "3호관",
      "floor": "2층",
      "facility": "전산실습실"
    },
    {
      "building": "3호관",
      "floor": "3층",
      "facility": "전산실습실"
    },
    {
      "building": "3호관",
      "floor": "3층",
      "facility": "PD LAB"
    },
    {
      "building": "3호관",
      "floor": "4층",
      "facility": "전기전자통신공학부사무실"
    },
    {
      "building": "3호관",
      "floor": "4층",
      "facility": "실험실습실"
    },
    {
      "building": "3호관",
      "floor": "4층",
      "facility": "전산실습실"
    },
    {
      "building": "3호관",
      "floor": "5층",
      "facility": "실험실습실"
    },
    {
      "building": "3호관",
      "floor": "5층",
      "facility": "강의실"
    },
    {
      "building": "3호관",
      "floor": "5층",
      "facility": "전산실습실"
    },
    {
      "building": "4호관",
      "floor": "B1층",
      "facility": "실험실습실"
    },
    {
      "building": "4호관",
      "floor": "1층",
      "facility": "실험실습실"
    },
    {
      "building": "4호관",
      "floor": "2층",
      "facility": "기계공학부사무실"
    },
    {
      "building": "4호관",
      "floor": "2층",
      "facility": "로봇자동화공학부사무실"
    },
    {
      "building": "4호관",
      "floor": "2층",
      "facility": "부트캠프사업단"
    },
    {
      "building": "4호관",
      "floor": "2층",
      "facility": "실험실습실"
    },
    {
      "building": "4호관",
      "floor": "3층",
      "facility": "생명화학공학과사무실"
    },
    {
      "building": "4호관",
      "floor": "3층",
      "facility": "바이오융합공학과사무실"
    },
    {
      "building": "4호관",
      "floor": "3층",
      "facility": "실험실습실"
    },
    {
      "building": "4호관",
      "floor": "3층",
      "facility": "전산실습실"
    },
    {
      "building": "4호관",
      "floor": "4층",
      "facility": "전산실습실"
    },
    {
      "building": "4호관",
      "floor": "5층",
      "facility": "실험실습실"
    },
    {
      "building": "4호관",
      "floor": "5층",
      "facility": "전산실습실"
    },
    {
      "building": "4호관",
      "floor": "6층",
      "facility": "C.I Lab(취미동아리)"
    },
    {
      "building": "5호관",
      "floor": "B1층",
      "facility": "스마트융합제작 실습실"
    },
    {
      "building": "5호관",
      "floor": "1층",
      "facility": "튜터링카페"
    },
    {
      "building": "5호관",
      "floor": "1층",
      "facility": "실습실"
    },
    {
      "building": "5호관",
      "floor": "1층",
      "facility": "PD LAB Star"
    },
    {
      "building": "5호관",
      "floor": "2층",
      "facility": "실험실습실"
    },
    {
      "building": "5호관",
      "floor": "3층",
      "facility": "DM Lab"
    },
    {
      "building": "6호관",
      "floor": "B3층",
      "facility": "휘트니스센터"
    },
    {
      "building": "6호관",
      "floor": "B3층",
      "facility": "다목적실습실"
    },
    {
      "building": "6호관",
      "floor": "B2층",
      "facility": "동창회사무실"
    },
    {
      "building": "6호관",
      "floor": "B2층",
      "facility": "실험실습실"
    },
    {
      "building": "6호관",
      "floor": "B2층",
      "facility": "공동장비운영센터"
    },
    {
      "building": "6호관",
      "floor": "B1층",
      "facility": "DM Gaallery"
    },
    {
      "building": "6호관",
      "floor": "B1층",
      "facility": "강의실"
    },
    {
      "building": "6호관",
      "floor": "1층",
      "facility": "갤러리"
    },
    {
      "building": "6호관",
      "floor": "1층",
      "facility": "강의실"
    },
    {
      "building": "6호관",
      "floor": "1층",
      "facility": "실험실습실"
    },
    {
      "building": "6호관",
      "floor": "1층",
      "facility": "전산실습실"
    },
    {
      "building": "6호관",
      "floor": "2층",
      "facility": "강의실"
    },
    {
      "building": "6호관",
      "floor": "2층",
      "facility": "체력측정실"
    },
    {
      "building": "6호관",
      "floor": "2층",
      "facility": "원격강의공용실습실"
    },
    {
      "building": "6호관",
      "floor": "3층",
      "facility": "강의실"
    },
    {
      "building": "6호관",
      "floor": "3층",
      "facility": "실험실습실"
    },
    {
      "building": "6호관",
      "floor": "3층",
      "facility": "전산실습실"
    },
    {
      "building": "6호관",
      "floor": "4층",
      "facility": "강의실"
    },
    {
      "building": "6호관",
      "floor": "4층",
      "facility": "실험실습실"
    },
    {
      "building": "6호관",
      "floor": "4층",
      "facility": "촬영스튜디오"
    },
    {
      "building": "6호관",
      "floor": "4층",
      "facility": "전산실습실"
    },
    {
      "building": "6호관",
      "floor": "5층",
      "facility": "교수연구실"
    },
    {
      "building": "7호관",
      "floor": "1층",
      "facility": "전산실습실"
    },
    {
      "building": "7호관",
      "floor": "1층",
      "facility": "실험실습실"
    },
    {
      "building": "7호관",
      "floor": "1층",
      "facility": "강의실"
    },
    {
      "building": "7호관",
      "floor": "2층",
      "facility": "동아리실"
    },
    {
      "building": "7호관",
      "floor": "2층",
      "facility": "강의실"
    },
    {
      "building": "7호관",
      "floor": "2층",
      "facility": "실험실습실"
    },
    {
      "building": "7호관",
      "floor": "3층",
      "facility": "생활환경공학부사무실"
    },
    {
      "building": "7호관",
      "floor": "3층",
      "facility": "교수연구실"
    },
    {
      "building": "7호관",
      "floor": "4층",
      "facility": "강의실"
    },
    {
      "building": "7호관",
      "floor": "4층",
      "facility": "설계실"
    },
    {
      "building": "7호관",
      "floor": "4층",
      "facility": "동아리실"
    },
    {
      "building": "7호관",
      "floor": "4층",
      "facility": "실험실습실"
    },
    {
      "building": "7호관",
      "floor": "5층",
      "facility": "실험실습실"
    },
    {
      "building": "7호관",
      "floor": "5층",
      "facility": "통합설계실"
    },
    {
      "building": "7호관",
      "floor": "5층",
      "facility": "전산실습실"
    },
    {
      "building": "8호관",
      "floor": "B1층",
      "facility": "주차장"
    },
    {
      "building": "8호관",
      "floor": "1층",
      "facility": "대강당"
    },
    {
      "building": "8호관",
      "floor": "1층",
      "facility": "CU"
    },
    {
      "building": "8호관",
      "floor": "1층",
      "facility": "써브웨이"
    },
    {
      "building": "8호관",
      "floor": "1층",
      "facility": "KB금융은행"
    },
    {
      "building": "8호관",
      "floor": "1층",
      "facility": "여행사(GHRC)"
    },
    {
      "building": "8호관",
      "floor": "1층",
      "facility": "유료사물함"
    },
    {
      "building": "8호관",
      "floor": "1층",
      "facility": "글로세움(서점)"
    },
    {
      "building": "8호관",
      "floor": "2층",
      "facility": "모닝글로리(문구점)"
    },
    {
      "building": "8호관",
      "floor": "2층",
      "facility": "제주몰빵(카페)"
    },
    {
      "building": "8호관",
      "floor": "3층",
      "facility": "식당"
    },
    {
      "building": "8호관",
      "floor": "3층",
      "facility": "강의실"
    },
    {
      "building": "8호관",
      "floor": "3층",
      "facility": "XR스튜디오"
    },
    {
      "building": "8호관",
      "floor": "3층",
      "facility": "전산실습실"
    },
    {
      "building": "도서관",
      "floor": "1층",
      "facility": "D-Study"
    },
    {
      "building": "도서관",
      "floor": "1층",
      "facility": "D-Culture"
    },
    {
      "building": "도서관",
      "floor": "1층",
      "facility": "그룹스터디룸"
    },
    {
      "building": "도서관",
      "floor": "1층",
      "facility": "디자인홍보센터"
    },
    {
      "building": "도서관",
      "floor": "1층",
      "facility": "홍보대사단실"
    },
    {
      "building": "도서관",
      "floor": "1층",
      "facility": "동양학보기자단실"
    },
    {
      "building": "도서관",
      "floor": "2층",
      "facility": "어문학자료실"
    },
    {
      "building": "도서관",
      "floor": "2층",
      "facility": "그룹스터디룸"
    },
    {
      "building": "도서관",
      "floor": "3층",
      "facility": "과학기술자료실"
    },
    {
      "building": "도서관",
      "floor": "3층",
      "facility": "그룹스터디룸"
    },
    {
      "building": "도서관",
      "floor": "4층",
      "facility": "도서관 사무실"
    },
    {
      "building": "도서관",
      "floor": "4층",
      "facility": "톡톡마루"
    },
    {
      "building": "도서관",
      "floor": "4층",
      "facility": "너나마루"
    },
    {
      "building": "도서관",
      "floor": "4층",
      "facility": "온빛마루"
    },
    {
      "building": "도서관",
      "floor": "4층",
      "facility": "그룹스터디룸"
    },
    {
      "building": "도서관",
      "floor": "4층",
      "facility": "대출실"
    },
    {
      "building": "도서관",
      "floor": "5층",
      "facility": "중앙전산소"
    },
    {
      "building": "도서관",
      "floor": "5층",
      "facility": "별별마루"
    },
    {
      "building": "도서관",
      "floor": "5층",
      "facility": "열린마루"
    },
    {
      "building": "도서관",
      "floor": "5층",
      "facility": "그룹스터디룸"
    },
    {
      "building": "도서관",
      "floor": "6층",
      "facility": "인문사회자료실"
    }
  ],
  "map_nodes": [
    {
      "id": "building_1",
      "type": "building",
      "name": "1호관"
    },
    {
      "id": "building_2",
      "type": "building",
      "name": "2호관"
    },
    {
      "id": "building_3",
      "type": "building",
      "name": "3호관"
    },
    {
      "id": "building_4",
      "type": "building",
      "name": "4호관"
    },
    {
      "id": "building_5",
      "type": "building",
      "name": "5호관"
    },
    {
      "id": "building_6",
      "type": "building",
      "name": "6호관"
    },
    {
      "id": "building_7",
      "type": "building",
      "name": "7호관"
    },
    {
      "id": "building_8",
      "type": "building",
      "name": "8호관"
    },
    {
      "id": "building_9",
      "type": "building",
      "name": "도서관"
    }
  ],
  "locations": [],
  "connections": []
}